{
    "total_runtime": 1512.0083684921265,
    "num_documents": 1,
    "input_load_time": 0,
    "workflows": {
        "create_base_text_units": {
            "overall": 1.7391760349273682
        },
        "create_final_documents": {
            "overall": 0.0831756591796875
        },
        "extract_graph": {
            "overall": 837.2849457263947
        },
        "finalize_graph": {
            "overall": 0.21253538131713867
        },
        "create_communities": {
            "overall": 0.4599111080169678
        },
        "create_final_text_units": {
            "overall": 0.153364896774292
        },
        "create_community_reports": {
            "overall": 561.7274744510651
        },
        "generate_text_embeddings": {
            "overall": 110.16936373710632
        }
    }
}